{"metadata.json":1716761116.9630272,"buildfile.docx":1716746843.077963,"HomeHealth Data Dictionary - V-5.1.docx.pdf":1716490662.0468624,"Viva Leadership Scorecard Matrix.pdf":1716494744.7473617,"Viva Medical Group - Kantime KPIs.pdf":1716490681.7364898}